{
    "name": "root",
    "metadata": {
        "timer_format_version": "0.1.0",
        "start_time_seconds": "1745332538",
        "python_version": "3.9.21 (main, Dec 11 2024, 16:35:24) [MSC v.1929 64 bit (AMD64)]",
        "command_line_arguments": "C:\\ProgramData\\anaconda3\\envs\\mlagentsunity\\Scripts\\mlagents-learn MLTraining\\config\\CubeAgent.yml --run-id=TestRun --force",
        "mlagents_version": "0.30.0",
        "mlagents_envs_version": "0.30.0",
        "communication_protocol_version": "1.5.0",
        "pytorch_version": "1.7.1+cu110",
        "numpy_version": "1.21.2",
        "end_time_seconds": "1745332623"
    },
    "total": 85.0283488,
    "count": 1,
    "self": 0.006835600000016484,
    "children": {
        "run_training.setup": {
            "total": 0.27260890000000004,
            "count": 1,
            "self": 0.27260890000000004
        },
        "TrainerController.start_learning": {
            "total": 84.74890429999999,
            "count": 1,
            "self": 0.0062797000000216485,
            "children": {
                "TrainerController._reset_env": {
                    "total": 14.8984606,
                    "count": 1,
                    "self": 14.8984606
                },
                "TrainerController.advance": {
                    "total": 69.72449759999998,
                    "count": 257,
                    "self": 0.00519489999997802,
                    "children": {
                        "env_step": {
                            "total": 69.21608099999999,
                            "count": 257,
                            "self": 68.90442019999998,
                            "children": {
                                "SubprocessEnvManager._take_step": {
                                    "total": 0.30807169999997797,
                                    "count": 257,
                                    "self": 0.01481459999990875,
                                    "children": {
                                        "TorchPolicy.evaluate": {
                                            "total": 0.2932571000000692,
                                            "count": 257,
                                            "self": 0.2932571000000692
                                        }
                                    }
                                },
                                "workers": {
                                    "total": 0.0035891000000276563,
                                    "count": 256,
                                    "self": 0.0,
                                    "children": {
                                        "worker_root": {
                                            "total": 7.591968399999997,
                                            "count": 256,
                                            "is_parallel": true,
                                            "self": 0.920912199999993,
                                            "children": {
                                                "steps_from_proto": {
                                                    "total": 0.0016631000000000284,
                                                    "count": 1,
                                                    "is_parallel": true,
                                                    "self": 0.00024279999999876622,
                                                    "children": {
                                                        "_process_rank_one_or_two_observation": {
                                                            "total": 0.0014203000000012622,
                                                            "count": 6,
                                                            "is_parallel": true,
                                                            "self": 0.0014203000000012622
                                                        }
                                                    }
                                                },
                                                "UnityEnvironment.step": {
                                                    "total": 6.669393100000004,
                                                    "count": 256,
                                                    "is_parallel": true,
                                                    "self": 0.026777700000032212,
                                                    "children": {
                                                        "UnityEnvironment._generate_step_input": {
                                                            "total": 0.021234399999967124,
                                                            "count": 256,
                                                            "is_parallel": true,
                                                            "self": 0.021234399999967124
                                                        },
                                                        "communicator.exchange": {
                                                            "total": 6.516260800000005,
                                                            "count": 256,
                                                            "is_parallel": true,
                                                            "self": 6.516260800000005
                                                        },
                                                        "steps_from_proto": {
                                                            "total": 0.1051202,
                                                            "count": 256,
                                                            "is_parallel": true,
                                                            "self": 0.051301000000053776,
                                                            "children": {
                                                                "_process_rank_one_or_two_observation": {
                                                                    "total": 0.05381919999994622,
                                                                    "count": 1536,
                                                                    "is_parallel": true,
                                                                    "self": 0.05381919999994622
                                                                }
                                                            }
                                                        }
                                                    }
                                                }
                                            }
                                        }
                                    }
                                }
                            }
                        },
                        "trainer_advance": {
                            "total": 0.5032217000000152,
                            "count": 256,
                            "self": 0.008205099999994303,
                            "children": {
                                "process_trajectory": {
                                    "total": 0.027804300000017435,
                                    "count": 256,
                                    "self": 0.027804300000017435
                                },
                                "_update_policy": {
                                    "total": 0.46721230000000347,
                                    "count": 2,
                                    "self": 0.07474700000000567,
                                    "children": {
                                        "TorchPPOOptimizer.update": {
                                            "total": 0.3924652999999978,
                                            "count": 72,